Income,Debt,PaymentHistory,Creditworthy
415243,58369,Good,1
468786,144194,Good,1
197026,36579,Good,1
434785,388323,Good,0
389588,221208,Good,0
95622,12280,Good,1
201981,132475,Good,0
374254,104248,Poor,0
195574,117757,Poor,0
83407,20926,Poor,0
258389,72842,Good,1
192886,88236,Good,0
128625,49797,Good,1
268208,180331,Poor,0
102780,95647,Poor,0
361137,65444,Poor,0
121313,72357,Poor,0
409588,324282,Poor,0
382698,100814,Good,1
104025,86673,Good,0
485310,151722,Good,1
202049,26476,Poor,0
225738,118858,Poor,0
165277,97040,Poor,0
189842,175682,Poor,0
447955,358375,Good,0
399360,332911,Good,0
360043,128351,Good,1
322357,198943,Poor,0
415544,360795,Good,0
438935,170017,Good,1
200087,8414,Poor,0
290325,140373,Good,0
190615,148682,Poor,0
191477,171819,Poor,0
287425,240570,Good,0
218873,36603,Good,1
470588,294318,Poor,0
471650,306491,Poor,0
385939,209400,Poor,0
194987,36262,Poor,0
127662,99061,Good,0
137487,40066,Good,1
495277,356768,Poor,0
392690,33306,Poor,0
280078,245392,Poor,0
370049,6019,Good,1
437412,281527,Poor,0
482967,336048,Poor,0
138485,76939,Poor,0
162920,118940,Good,0
458584,377319,Poor,0
342451,93665,Good,1
407837,156471,Good,1
160131,98019,Good,0
362789,278058,Good,0
394019,169951,Poor,0
90211,14662,Poor,0
241225,62770,Good,1
206286,148729,Good,0
124907,95932,Poor,0
116287,99693,Good,0
147314,124592,Good,0
218966,138326,Poor,0
191043,141373,Good,0
453790,163429,Poor,0
432157,340723,Poor,0
309690,271358,Poor,0
143441,64986,Good,0
113568,44313,Good,1
388443,290414,Good,0
388512,115457,Good,1
117220,92778,Good,0
200031,17668,Good,1
253239,18574,Good,1
226002,175368,Poor,0
192321,141356,Good,0
459245,299391,Poor,0
207400,205683,Poor,0
293416,99829,Good,1
130819,86374,Poor,0
265753,222077,Poor,0
324855,28401,Good,1
111778,52772,Poor,0
499741,451764,Good,0
210367,50224,Good,1
361168,235202,Good,0
301187,96200,Poor,0
322550,130970,Good,0
312328,288528,Good,0
106522,85477,Good,0
128896,121420,Good,0
167194,106539,Poor,0
332370,112065,Poor,0
110741,21579,Poor,0
81130,51173,Poor,0
491078,411633,Poor,0
229552,110888,Poor,0
161158,49780,Poor,0
194137,15331,Good,1
